,benchmark,base,beambfs2_ln,benchmark,base,beambfs2_ln,benchmark,base,beambfs2_ln
0,mm256_256_256,[17.05150604248047],"(17.051506534107656, 17.795727786254606, 17.935787138077696, 17.96125805339597)",mm256_256_256,[0.1176154613494873],"(5.8650970458984375e-05, 0.47034120559692383, 2.227370500564575, 3.061946392059326)",mm256_256_256,[],"('', 'split_8', 'split_8', 'split_4')"
