,benchmark,base,beam2bfs_ln,benchmark,base,beam2bfs_ln,benchmark,base,beam2bfs_ln
0,mm256_256_256,[17.58051300048828],"[17.58051361851395, 17.754475600477058, 17.82893602143653, 17.845159574750973]",mm256_256_256,[0.11396217346191406],"[nan, 0.8523805141448975, 2.767918586730957, 3.7717175483703613, 4.845636367797852, 4.97211766242981, 5.234644412994385, 5.366180181503296]",mm256_256_256,[],"['', 'split_8', 'split_8', 'split_4']"
