,benchmark,base,greedy1_ln,random_ln,benchmark,base,greedy1_ln,random_ln,benchmark,base,greedy1_ln,random_ln
0,mm256_256_256,[15.22712516784668],[15.227125117308255],"[15.227125117308255, 13.664831897934949, 13.664831897934949, 13.664831897934949, 13.664831897934949, 18.312299437223576]",mm256_256_256,[0.12687206268310547],"[9.059906005859375e-05, 0.48946475982666016]","[5.863564729690552, 5.864503622055054, 5.865407943725586, 5.996682405471802, 5.997604131698608, 5.9986841678619385, 6.1328065395355225, 6.1328065395355225, 6.1328065395355225, 6.1328065395355225, 6.1328065395355225]",mm256_256_256,[],[''],"['', 'split_16', 'down', 'swap_up', 'down', 'swap_down']"
