,benchmark,numpy,tvm_base,+tvm_blocking,+tvm_permutation,+tvm_vectorization,auto_tvm,looptune
0,mm80_224_240,0.0001312950300052762,0.00553327,0.003680419,0.0027889163000000003,0.0037189344,0.000359424,0.0002939229889307171
1,mm128_256_208,0.00018741441890597345,0.009030977,0.0045260089000000005,0.0043090436,0.0047025278,0.000601347,0.0006276370259001851
average,,0.00015935472445562484,0.0072821235,0.00410321395,0.00354897995,0.0042107311,0.0004803855,0.0004607800074154511
