,benchmark,numpy,tvm_base,+tvm_blocking,+tvm_permutation,+tvm_vectorization,loop_tune_ln
0,mm240_80_96,7.986150681972504e-05,0.002363846,0.0001490132,8.63891e-05,0.00011809139999999999,0.0001259989949176088
1,mm176_256_96,0.00015054158866405486,0.007544849,0.00035442350000000004,0.0002157778,0.0003191699,0.00020542800484690815
