{
    "env": "compiler_gym",
    "framework": "torch",
    "model": {
        "vf_share_layers": true,
        "fcnet_hiddens": [
            500,
            500,
            500,
            500,
            500,
            500,
            500,
            500,
            500,
            500
        ]
    },
    "num_gpus": 2,
    "num_workers": 60,
    "rollout_fragment_length": 100,
    "train_batch_size": 6000,
    "num_sgd_iter": 30,
    "explore": true,
    "gamma": 0.8057631074301183,
    "lr": 0.00013654708281674575
}